{
  "experiment_name": "traceflow-20260326-060307",
  "training_date": "2026-03-26T06:03:42.560042",
  "duration_seconds": 34.602557,
  "yield_metrics": {
    "mse": 8.627966485565908,
    "rmse": 2.9373400357408244,
    "mae": 1.7536860803097485,
    "r2": 0.9873331958320083,
    "cv_r2_mean": 0.9841773287935721,
    "cv_r2_std": 0.003099801574619279,
    "cv_mae_mean": 1.9594460964643858,
    "cv_mae_std": 0.15037807386433147
  },
  "anomaly_metrics": {
    "precision": 0.662,
    "recall": 0.662,
    "f1_score": 0.662,
    "roc_auc": 0.8967080000000001,
    "avg_precision": 0.7368022305772916,
    "threshold": 0.0,
    "confusion_matrix": [
      [
        1331,
        169
      ],
      [
        169,
        331
      ]
    ]
  }
}